generated_index,real_index,similarity,generated_headline,generated_abstract,real_headline,real_abstract
0,719,0.5132521390914917,"Right-Wing Coalition Secures Narrow Majority in EU Parliament, Vows to Overhaul Migration Policies","A coalition of nationalist and Eurosceptic parties claimed a 51% majority in the 2024 EU Parliamentary elections, marking the first time anti-integration factions have controlled the legislative body. Analysts attribute the shift to voter frustration over economic stagnation and migration surges, with the coalition pledging to renegotiate asylum protocols and reduce Brussels' regulatory powers.",Is Europe Turning Its Back on the Left?,The elections went well. It’s what came afterward that is worrying.
1,249,0.7415485978126526,Biden Withdraws from Presidential Race After Primary Challenges; Harris to Lead Democratic Ticket,"President Joe Biden announced he will not seek re-election following lackluster primary performances and health concerns, clearing the way for Vice President Kamala Harris to become the Democratic nominee. The unprecedented late-stage shakeup comes as Republicans rally behind former President Trump's third White House bid, setting up a historic Harris vs. Trump showdown.",Kamala Harris’s Debate Conundrum,Donald Trump seems to wish he could still run against Joe Biden. Harris probably wishes she didn’t have to.
2,1626,0.4304886758327484,UN Adopts Global Framework for AI Election Monitors Ahead of 2024 Votes,"A 57-nation pact ratified at the UN General Assembly will deploy blockchain-verified AI auditors to track campaign financing and deepfake activity, with initial deployments in Nigeria and Poland. Critics argue the system gives tech giants undue influence over electoral processes.",Rethinking ‘Checks and Balances’ for the A.I. Age,"A project at Stanford points to the need for institutional innovation, especially in government, to increase the odds that A.I. enhances democracy."
3,1624,0.42617401480674744,"Modi's BJP Loses Majority, Forms Fragile Coalition With Regional Telangana Party","India's ruling Bharatiya Janata Party secured only 272 seats in the 543-member Lok Sabha, relying on a contentious alliance with the Telangana Rashtra Samithi to maintain power while facing pressure to moderate its Hindu nationalist agenda for governance stability.",How a Leftist Delivered Sri Lanka’s Biggest Political Jolt in Decades,"Anura Kumara Dissanayake offered his broad leftist coalition as the best hope for a different political culture, one not ruled by nepotism and corruption."
4,1467,0.6256398558616638,Arizona Latino Voters Surge Shapes Final-Stage U.S. Presidential Campaign,"With Arizona’s Latino voter registration hitting a record 1.8 million, both major parties pivot campaign strategies in the battleground state, as polls show immigration and economic equity dominating concerns ahead of November’s Biden-Trump rematch.","Arizona Court Allows 98,000 to Vote in State and Local Races Despite Database Glitch","Officials recently discovered that some people with driver’s licenses issued before 1996 might not have proof of citizenship on file, a state requirement since 2004."
5,1046,0.5860274434089661,Semiconductor Cold War Intensifies as Taiwan Chip Accord Tests US-China Diplomacy,"Foreign policy experts across six major newspapers are dissecting the geopolitical ramifications of TSMC's new Arizona fab opening, with hawkish commentators framing it as vital deterrence against Chinese aggression while multilateralists warn of escalating tech protectionism. The debate coincides with renewed tensions over semiconductor export controls.",The Chinese Chipmaker at the Heart of the U.S.-China Tech War,"Efforts by the Beijing-backed Semiconductor Manufacturing International Corporation, or SMIC, to break through innovation barriers have landed it in a geopolitical tech battle."
6,1062,0.44646939635276794,Urban Exodus Reversal? Cities Revamp Zoning Laws Amid Permanent Hybrid Work Era,"Opinion sections clash over municipal reforms allowing mass office-to-housing conversions, with economists warning of tax revenue instability and sociologists praising the potential for revitalized downtowns as 2024 data shows 43% of white-collar workers maintaining partial remote schedules.",How Trump Is Undermining the Economy in Some Struggling Cities,Immigration to small cities creates jobs for everyone.
7,1526,0.5086566209793091,Editorial: Climate Reparations Summit Exposes Global North’s Empty Promises – A View from the Drowning Maldives,"With the 2024 UN Climate Loss and Damage Fund disbursement falling 60% short of pledges, developing nations’ representatives pen scathing critiques accusing wealthy countries of ""green hypocrisy"" as rising sea levels threaten island states’ existence despite their minimal carbon footprints.",They’ve Got a Plan to Fight Global Warming. It Could Alter the Oceans.,"By tweaking the chemistry of rivers and oceans, humans could remove billions of tons of carbon dioxide from the air. But huge challenges loom."
8,2077,0.5689682364463806,EU AI Regulation Faces Mounting Criticism: 'Overreach' or Necessary Safeguard?,"As the EU’s landmark AI Act completes its first year of implementation, critics argue its strict compliance requirements are stifling startups, while proponents highlight reduced algorithmic bias incidents in public services.",Laws Need to Catch Up to Artificial Intelligence’s Unique Risks,"Artificial intelligence poses unique risks, so the people warning us of safety threats deserve unique protections."
9,1123,0.5902693271636963,2024 Election Sparks Unprecedented Op-Ed Wars: Can Democracy Withstand Hyper-Partisan Media?,"As the U.S. presidential race enters its final stretch, editorial pages across major networks have become battlegrounds for competing reality tunnels, with fact-checking consortiums reporting a 300% increase in contested claims compared to 2020. Scholars warn the erosion of shared factual baselines threatens civic discourse itself.","How A.I., QAnon and Falsehoods Are Reshaping the Presidential Race",Three experts on social media and disinformation share their predictions for this year’s chaotic election.
10,1851,0.5253316760063171,DeepMind's AlphaDrug Platform Discovers Novel Antibiotic Against Drug-Resistant Bacteria,"Google DeepMind's AI system identified a promising antibiotic candidate effective against Acinetobacter baumannii in preclinical trials, cutting discovery time from years to 46 days. The breakthrough demonstrates machine learning's potential to address antimicrobial resistance through rapid molecular pattern recognition in chemical databases.",The Global Threat of Antibiotic Resistance,"Health experts, gathering at the U.N., have begun to shift their focus to try to provide access to basic drugs in countries where preventable deaths from infections occur too frequently."
11,1526,0.3635510504245758,Graphene-Based Direct Air Capture Towers Begin Operation in Iceland,"Climeworks' new generation of carbon removal plants, using graphene-enhanced membranes, has commenced operations in Iceland with 3x faster CO₂ absorption rates than previous models. The $200 million project aims to permanently store 50,000 tons of atmospheric carbon annually through enhanced mineralization techniques.",They’ve Got a Plan to Fight Global Warming. It Could Alter the Oceans.,"By tweaking the chemistry of rivers and oceans, humans could remove billions of tons of carbon dioxide from the air. But huge challenges loom."
12,113,0.2616681456565857,Breakthrough Quantum Network Achieves Secure Intercontinental Communication,"Researchers at CERN and MIT announce the first successful intercontinental quantum-encrypted data transfer using entangled photons, enabling unhackable communication between Geneva and Boston while laying groundwork for a global quantum internet prototype.",Biden’s Top Climate Negotiator to Visit China This Week,John Podesta is expected to push for China to set more ambitious greenhouse gas targets.
13,300,0.47362804412841797,Toyota Begins Mass Production of Solid-State Battery EVs with 750-Mile Range,"Toyota’s long-awaited solid-state battery-powered electric sedan entered production this month, boasting a 12-minute charge time and double the energy density of lithium-ion batteries, marking a pivotal shift in affordable long-range EV adoption.",The Electric Vehicle Future Is Coming. Just a Little More Slowly.,"Though large automakers are delaying their plans to introduce new all-electric models, the E.V. industry is still the future, experts say."
14,1633,0.39463159441947937,FDA Clears First AI Diagnostic Tool for Multi-Disease Detection in Routine Scans,"The U.S. FDA grants landmark approval to Aidoc's AI system that simultaneously identifies early signs of cancer, cardiovascular anomalies, and neurological disorders in standard CT scans, demonstrating 94% accuracy across 23 conditions in clinical trials.",That Message From Your Doctor? It May Have Been Drafted by A.I.,"Overwhelmed by queries, physicians are turning to artificial intelligence to correspond with patients. Many have no clue that the replies are software-generated."
15,1604,0.5660911798477173,EU and ASEAN Forge Historic Trade Pact Amidst US-China Tariff Spillover,"The European Union and ASEAN nations finalized a landmark trade agreement aimed at reducing dependencies on US and Chinese markets, establishing streamlined tariffs and tech collaboration frameworks to counter economic pressures from ongoing US-China trade disputes. The deal, negotiated over 18 months, includes provisions for critical mineral access and digital trade standards.",China Is Striking Deals to Cement Its Role as Asia’s Trade Hub,"Beijing’s leaders are working with regional neighbors on the country’s western, northern and southern borders to develop new rail and sea links."
16,885,0.5444229245185852,Türkiye-Brokered Ceasefire Takes Effect in Eastern Ukraine Amid Stalemate,"A six-month renewable ceasefire agreement between Russia and Ukraine began on September 1, facilitated by Turkish mediators and backed by UN observers, though disagreements persist over the status of occupied territories and reconstruction funding mechanisms.",Diplomacy Over Ukraine War Is About Weapons More Than Peace Talks,"For both Ukraine and Russia, battlefield gains now might provide an upper hand in any negotiations later. That’s reflected in their discussions over arms with allies."
17,1046,0.5303125977516174,China Announces Breakthrough in Domestic Semiconductor Production Amid Ongoing Tech Cold War,"Chinese state media revealed successful mass production of 3nm chips using entirely domestic equipment, potentially reshaping global tech supply chains as US export controls enter their third year, though analysts question the scalability and commercial viability of the new fabrication process.",The Chinese Chipmaker at the Heart of the U.S.-China Tech War,"Efforts by the Beijing-backed Semiconductor Manufacturing International Corporation, or SMIC, to break through innovation barriers have landed it in a geopolitical tech battle."
18,817,0.7303717732429504,African Union Gains Momentum for Permanent UN Security Council Seat in Reform Proposal,"Backed by France and supported by 120+ UN member states, the AU's formal bid for two permanent Council seats advances to committee review, challenging the veto-power structure amid growing consensus for post-Cold War governance updates.","United States Backs Africa’s U.N. Security Council Bid, With a Catch","The announcement provides U.S. support to permanent council seats for African nations, though not new veto powers. But the path to adding members requires far more than White House approval."
19,1930,0.39709439873695374,Expanded BRICS+ Bloc Launches Alternative Development Bank Challenging IMF Dominance,"The newly enlarged BRICS coalition—now including Saudi Arabia, Egypt, and Indonesia—officially inaugurated its New Development Bank headquarters in Johannesburg, pledging $200 billion in infrastructure financing for Global South nations with reduced conditionalities compared to Western-led institutions.",Talks Between European Banks May Kick-Start More Cross-Border Deals,"Investors are cheering a possible tie-up between UniCredit of Italy and Germany’s Commerzbank, but politics may stand in the way."
20,1964,0.40304362773895264,"Chicago Launches AI-Powered Traffic Grid, Causing Rush Hour Delays to Drop 22%","After an 18-month pilot in the Loop district, Chicago expanded its adaptive traffic light system citywide, using real-time vehicle and pedestrian data to optimize signal patterns, reducing idling emissions by an estimated 18,000 tons annually while improving emergency vehicle response times.",Extreme Weather Is Taxing Utilities More Often. Can A.I. Help?,"From hurricanes to wildfires, a new generation of technologies could help utilities better plan for the risk of extreme weather to their electric grid."
21,1177,0.49742305278778076,Austin's 3D-Printed Affordable Housing Complex Welcomes First Residents,"A 150-unit complex in East Austin—the largest U.S. residential project using robotic modular construction—has begun occupancy, delivering homes 30% faster than traditional methods while maintaining 2023 affordability targets despite rising material costs.","$600,000 Homes in Kentucky, Texas and Connecticut","A 1910 Arts and Crafts-style home in Louisville, a three-bedroom bungalow in Marfa and a Colonial Revival house in Farmington."
22,241,0.43367651104927063,Seattle Completes Nation's Largest Municipal Solar Farm on Closed Landfill Site,"The City of Seattle unveiled a 12-megawatt solar array built atop a remediated landfill, providing renewable energy for 3,000 homes and creating new green jobs while repurposing previously unusable urban land.",Solar Farms Have a Superpower Beyond Clean Energy,"The sites fight climate change and can help with another global crisis: the collapse of nature. But so far, efforts to nurture wildlife habitat have been spotty."
23,250,0.44129478931427,NYC’s Second Avenue Subway Phase 2 Opens With Record-Breaking Ridership on First Day,"The long-awaited extension of Manhattan’s Q train to 125th Street debuted with 300,000 commuters on launch day, completing a key transit equity project and integrating contactless fare payments via the upgraded OMNY system.",The Solution to New York’s Transit Problem Is So Obvious Nobody Wants to Hear It,Too many bus and subway passengers don’t pay. The best solution is more policing.
24,1953,0.4679150879383087,Miami Completes $800M Flood Barrier Network Ahead of Hurricane Season,"Miami-Dade County officials unveiled the final phase of its coastal flood defense system, featuring AI-powered floodgates and elevated greenways, designed to protect 500,000 residents from storm surges as climate change intensifies hurricane threats.","At a Barrier Island in Florida, Helene Brought ‘a Solid Wall of Water’",The hurricane passed far to the north but did enough damage in St. Pete Beach that some there began realizing what a direct hit could have done.
25,1211,0.5031458735466003,"Biden Administration Announces Completion of First Phase of National Offshore Wind Initiative, Powering 10 Million Homes","The U.S. Department of Energy confirmed the successful activation of 15 offshore wind farms spanning from Massachusetts to North Carolina, marking a critical milestone in the 2030 renewable energy roadmap. This phase – accelerated by Inflation Reduction Act funding – now supplies 6% of the nation’s electricity demand, though debates continue over impacts on coastal ecosystems.",America’s Oil Country Increasingly Runs on Renewables,"Texas, the biggest oil-producing state, has turned to solar power and battery storage to see it through extreme weather. But with demand rising, much more power will be needed."
26,869,0.5401553511619568,"Third-Party Candidate Breaks 15% in Polls, Secures Spot in Presidential Debates for First Time Since 1992","Independent candidate Cornel West garners 16% support in a national poll, triggering Commission on Presidential Debates rules to include him alongside Democratic and Republican nominees, reshaping campaign dynamics as major parties adjust strategies to address his progressive platform.",How Much More Does Harris Need to Say to Win?,A good debate doesn’t decide an election.
27,1383,0.4817696213722229,Federal Law Caps Monthly Insulin Copays at $15 for All Americans in Bipartisan Healthcare Deal,"A landmark bill signed into law this week extends existing Medicare insulin price protections to private insurance plans and uninsured patients, with analysts predicting annual savings of $3 billion for diabetes patients nationwide.",F.T.C. Accuses Drug Middlemen of Inflating Insulin Prices,"The case takes aim at the major pharmacy benefit managers, agency officials said, claiming that they favored more expensive insulin products and forced patients to pay more."
28,1118,0.4586048424243927,Historic Union Vote at Amazon: Warehouse Workers Secure Collective Bargaining Rights,"Employees at Amazon's largest U.S. warehouse voted overwhelmingly to unionize, marking the first successful organization of a major Amazon facility and signaling a potential shift in labor dynamics within the tech and logistics sectors.",Boeing Restarts Labor Negotiations as It Seeks End to Strike,"Federal mediators are helping the aerospace manufacturer and leaders of the union representing more than 33,000 workers who went on strike last week reach a deal."
29,1210,0.35181334614753723,"Texas High-Speed Rail Debuts Dallas-Houston Line, Slashing Travel Time to 90 Minutes","The long-awaited Texas Central high-speed rail began commercial service, connecting Dallas and Houston in under two hours, with officials citing economic revitalization for沿途 cities and a 20% reduction in regional highway congestion since its soft launch in June.",M.T.A.’s Financial Needs Grow With Congestion Pricing in Purgatory,Transit leaders proposed a plan on Wednesday to spend more than $65 billion to upgrade New York City’s subway and bus system. Whether they will be able to fully fund it is unclear.
30,1930,0.47770383954048157,"**""ECB Launches Digital Euro Pilot in Five Eurozone Nations, Signaling Major Shift in Monetary Policy""**","The European Central Bank has initiated a six-month digital euro pilot program in Germany, France, Italy, Spain, and the Netherlands, marking the first large-scale test of a central bank digital currency (CBDC) in advanced economies. Financial analysts predict the move could accelerate cross-border payment efficiencies while traditional banks express concerns over deposit outflows.",Talks Between European Banks May Kick-Start More Cross-Border Deals,"Investors are cheering a possible tie-up between UniCredit of Italy and Germany’s Commerzbank, but politics may stand in the way."
31,300,0.3963766396045685,Solid-State Battery Breakthrough Sparks $200B Surge in Renewable Energy Stocks,Tesla and CATL's joint announcement of commercially viable solid-state batteries with 500-mile ranges and 10-minute charging times triggered a global rally in clean energy equities while crashing lithium prices 18% on improved storage cost projections.,The Electric Vehicle Future Is Coming. Just a Little More Slowly.,"Though large automakers are delaying their plans to introduce new all-electric models, the E.V. industry is still the future, experts say."
32,1180,0.3966408669948578,"AI-Driven Efficiency Boosts S&P 500 Profits by 15% in Q3 2024, Reports Show","Major U.S. corporations attribute record quarterly margins to AI integration in supply chain and customer service operations, with analysts revising long-term growth forecasts upward across tech and manufacturing sectors.",Wall Street Has Its Eye on a Big Rate Cut,"The S&P 500 is hovering just below record territory, driven by a revived rally as bets have grown that the Federal Reserve will cut interest rates by half a percentage point."
33,865,0.4046840965747833,SEC Imposes $2B in Fines on Major Asset Managers Over ESG Disclosure Violations,"Regulators crack down on misleading sustainability claims in investment products, with BlackRock, State Street, and JP Morgan facing penalties for overstated climate metrics in ESG funds, accelerating industry-wide standardization of environmental reporting frameworks.",China Fines PwC $62 Million for Botching Its Work for Evergrande,"Authorities also imposed a six-month suspension on the local operations of the global firm, which was once a dominant auditor in China."
34,1179,0.7180741429328918,Federal Reserve Cuts Benchmark Rate to 3.75% as Inflation Stabilizes at 2%,"The U.S. Federal Reserve announced its first interest rate cut since 2020, lowering the target range to 3.75%-4.00%, citing sustained control over inflation and aims to bolster economic activity amid slowing global demand.",The Fed Makes a Large Rate Cut and Forecasts More to Come,"Fed officials kicked off rate cuts with a half-point reduction, confident that inflation is cooling and eager to keep the job market strong."
35,1740,0.4934478998184204,Biden and Trump Clash Over Healthcare Expansion in First Presidential Debate,"President Biden and former President Trump faced off in a heated debate in Cleveland, Ohio, with Biden defending his administration’s push to expand the Affordable Care Act and Trump vowing to replace it with state-managed ""health freedom accounts,"" signaling a stark policy divide ahead of November’s election.","Biden, on ‘The View,’ Calls Trump a ‘Loser’ Who Lacks ‘Redeeming Value’",President Biden became the first sitting president to appear live on “The View.” He said he was “at peace” with his decision not to run again.
36,1604,0.4973907172679901,U.S. Finalizes Indo-Pacific Trade Pact With 14 Nations to Counter China's Regional Influence,"Secretary of State Blinken signed the landmark Pacific Economic Partnership during a summit in Hawaii, establishing new digital trade standards and supply chain protections with key allies including Japan, Australia, and Vietnam.",China Is Striking Deals to Cement Its Role as Asia’s Trade Hub,"Beijing’s leaders are working with regional neighbors on the country’s western, northern and southern borders to develop new rail and sea links."
37,1467,0.6378541588783264,"Supreme Court Rules 6-3 to Uphold Arizona Voting ID Law, Rejecting 'Burden' Argument","The decision greenlights similar pending state laws requiring photo identification for mail-in ballots, prompting immediate vows from voting rights groups to intensify registration drives while conservative legislators hail it as an anti-fraud victory.","Arizona Court Allows 98,000 to Vote in State and Local Races Despite Database Glitch","Officials recently discovered that some people with driver’s licenses issued before 1996 might not have proof of citizenship on file, a state requirement since 2004."
38,807,0.41655433177948,White House Announces Completion of 10 Major Infrastructure Projects Ahead of Schedule,"The Biden administration revealed that flagship initiatives from the 2021 Bipartisan Infrastructure Law, including upgrades to Northeast Corridor rail lines and rural broadband expansion, have created over 800,000 jobs while boosting economic competitiveness.","Something Important Is Happening With JD Vance, Laura Loomer, Project 2025 and Donald Trump","To me, this is the biggest political dynamic coming out of Tuesday’s debate."
39,2036,0.612465500831604,"Centrist Third-Party Ticket Gains Momentum in Swing States, Polls Show Tight Three-Way Race","A bipartisan ""Unity Forward"" ticket led by a former GOP governor and a moderate Democratic mayor has surged to 19% in national polls, threatening to split traditional party coalitions and reshape battleground state strategies less than two months before Election Day.",Trump Voters Drive a Rise in Ticket Splitting,"Ticket splitters in key presidential battlegrounds and Ohio tend to be supporters of Donald J. Trump who are skeptical of his picks for Senate, polling shows."
